Group ID,Group Name,Main Category,Sub-Category,Variant Count,Variant-Defining Attributes,Variant Options (by attribute),Origin(s) Known,Available Work / Cut Options,MOQ (kg) - DRAFT,Meta Title - DRAFT,Meta Description - DRAFT,Short Description,Hero Image,Popularity (top variant)
1,Chicken Whole,Meat,Chicken,7,"Condition, Fat, Supplier name","Condition: Fresh, Frozen
Skin: With Skin
Bone: With Bone
Fat: Medium, High
Supplier: Karim Meats, Westgate Halal",(not on file),"Whole / do not cut, Cut to small pieces, Cut to large pieces, Remove skin, Debone (remove bone), Trim excess fat, Other (please specify below)",20.0,Wholesale Chicken Whole | Bulk Halal Chicken Supplier - WeDoHalal.com,"Order wholesale chicken whole in bulk, fresh/frozen available. Competitive per-kg pricing for restaurants, grocers, and mosques. Edmonton pickup or delivery.","A versatile offering, this whole chicken with skin is perfect for a range of dishes from roast to biryani, catering especially to tastes from the Indian subcontinent and Arab regions. Rich in protein and flavor, it offers a juicy texture that enhances any meal.",https://images.wedohalal.com/products/Baby-Chicken-527.webp,172.0
2,Chicken Leg & Thigh,Meat,Chicken,3,"Condition, Skin type","Condition: Fresh, Frozen
Skin: Skinless, With Skin
Bone: With Bone
Fat: High
Supplier: Karim Meats",(not on file),"Whole / do not cut, Cut to small pieces, Cut to large pieces, Remove skin, Debone (remove bone), Trim excess fat, Other (please specify below)",10.0,Wholesale Chicken Leg & Thigh | Bulk Halal Chicken Supplier - WeDoHalal.com,"Order wholesale chicken leg & thigh in bulk, fresh/frozen available. Competitive per-kg pricing for restaurants, grocers, and mosques. Edmonton pickup or delivery.","These chicken legs and thighs are popular for their richer flavor and tender texture, suitable for grilling, frying, or baking. They work beautifully in dishes like tandoori chicken and mandi, appealing to a diverse range of culinary traditions.",https://images.wedohalal.com/products/Chicken-Legs-&-Thighs-with-skin-522.webp,169.0
3,Chicken Liver,Meat,Chicken,1,None (single variant / consistent attributes),"Condition: Fresh
Skin: Skinless
Bone: Boneless
Fat: Low
Supplier: Karim Meats",(not on file),"Whole / do not cut, Sliced, Other (please specify below)",10.0,Wholesale Chicken Liver | Bulk Halal Chicken Supplier - WeDoHalal.com,"Order wholesale chicken liver in bulk, fresh available. Competitive per-kg pricing for restaurants, grocers, and mosques. Edmonton pickup or delivery.","Chicken liver, known for its high nutritional value, is versatile across various dishes such as liver masala or as an addition to stuffing. It's particularly popular in Middle Eastern and South Asian cooking, offering a distinct, rich flavor.",https://images.wedohalal.com/products/Chicken-Liver-4.webp,13.0
4,Chicken Gizzard,Meat,Chicken,3,"Condition, Supplier name","Condition: Fresh, Frozen
Skin: Skinless
Bone: Boneless
Fat: Low
Supplier: Karim Meats, Westgate Halal",(not on file),"Whole / do not cut, Sliced, Other (please specify below)",10.0,Wholesale Chicken Gizzard | Bulk Halal Chicken Supplier - WeDoHalal.com,"Order wholesale chicken gizzard in bulk, fresh/frozen available. Competitive per-kg pricing for restaurants, grocers, and mosques. Edmonton pickup or delivery.","Chicken gizzards, or gizettes, are a delicacy in many cultures, appreciated for their texture and flavor in dishes like gizzard stew. They are popular among African and Middle Eastern communities, offering a unique taste experience.",https://images.wedohalal.com/products/Chicken-Gizzard-1022.webp,178.0
5,Goat Muscles,Meat,Goat,1,None (single variant / consistent attributes),"Condition: Fresh
Skin: Skinless
Bone: With Bone
Fat: Medium
Supplier: Karim Meats",(not on file),"Whole / do not cut, Cut to small pieces, Cut to large pieces, Debone (remove bone), Trim excess fat, Other (please specify below)",5.0,Wholesale Goat Muscles | Bulk Halal Goat Supplier - WeDoHalal.com,"Order wholesale goat muscles in bulk, fresh available. Competitive per-kg pricing for restaurants, grocers, and mosques. Edmonton pickup or delivery.","A comprehensive mix of goat muscles, this selection is perfect for a variety of dishes, from nihari to kababs, prevalent in South Asian and Middle Eastern cuisines. It offers a rich taste and adaptable texture for diverse culinary uses.",https://images.wedohalal.com/products/Goat-Mix-Plate-(All-Muscles)-6.webp,4.0
6,Goat Chops,Meat,Goat,1,None (single variant / consistent attributes),"Condition: Fresh
Skin: Skinless
Bone: With Bone
Fat: Medium
Supplier: Karim Meats",(not on file),"Whole / do not cut, Cut to small pieces, Cut to large pieces, Debone (remove bone), Trim excess fat, Other (please specify below)",5.0,Wholesale Goat Chops | Bulk Halal Goat Supplier - WeDoHalal.com,"Order wholesale goat chops in bulk, fresh available. Competitive per-kg pricing for restaurants, grocers, and mosques. Edmonton pickup or delivery.","Goat chops are a premium cut, ideal for grilling or frying, and feature prominently in dishes such as karahi and grilled chops across Indian and Middle Eastern menus. They offer a succulent, flavorful meat choice for special occasions.",https://images.wedohalal.com/products/Goat-Chops-7.webp,8.0
7,Goat Leg,Meat,Goat,2,Condition,"Condition: Fresh, Frozen
Skin: Skinless
Bone: With Bone
Fat: Medium
Origin: New Zealand
Supplier: Karim Meats",New Zealand,"Whole / do not cut, Cut to small pieces, Cut to large pieces, Butterfly, Debone (remove bone), Trim excess fat, Other (please specify below)",10.0,Wholesale Goat Leg | Bulk Halal Goat Supplier - WeDoHalal.com,"Order wholesale goat leg in bulk, fresh/frozen available. Competitive per-kg pricing for restaurants, grocers, and mosques. Edmonton pickup or delivery.","The goat leg is a lean cut that's excellent for slow-cooking methods, making it ideal for recipes like roasts or stews in Arab and African cuisines. It offers a tender, flavorful meat that absorbs spices well, enhancing any festive meal.",https://images.wedohalal.com/products/Goat-Leg-New-Zealand-436.webp,90.0
8,Goat Lungs,Meat,Goat,1,None (single variant / consistent attributes),"Condition: Fresh
Skin: Skinless
Bone: Boneless
Fat: Low
Supplier: Karim Meats",(not on file),"Whole / do not cut, Cut to small pieces, Cut to large pieces, Other (please specify below)",5.0,Wholesale Goat Lungs | Bulk Halal Goat Supplier - WeDoHalal.com,"Order wholesale goat lungs in bulk, fresh available. Competitive per-kg pricing for restaurants, grocers, and mosques. Edmonton pickup or delivery.","Goat lungs are a specialty meat often used in traditional dishes such as lung curries. They cater particularly to customers from the Indian subcontinent, offering a unique flavor profile for adventurous diners interested in authentic regional recipes.",https://images.wedohalal.com/products/Goat-Lungs-9.webp,16.0
9,Goat HeartKidney,Meat,Goat,1,None (single variant / consistent attributes),"Condition: Fresh
Skin: Skinless
Bone: Boneless
Fat: Low
Supplier: Karim Meats",(not on file),"Whole / do not cut, Sliced, Other (please specify below)",5.0,Wholesale Goat HeartKidney | Bulk Halal Goat Supplier - WeDoHalal.com,"Order wholesale goat heartkidney in bulk, fresh available. Competitive per-kg pricing for restaurants, grocers, and mosques. Edmonton pickup or delivery.","This combination of goat heart and kidney provides rich, iron-packed meat options that are commonly used in offal dishes popular in Middle Eastern and South Asian cuisines, like grilled heart or kidney masala.",https://images.wedohalal.com/products/Goat-Heart-&-Kidney-10.webp,20.0
10,Goat Testicles,Meat,Goat,1,None (single variant / consistent attributes),"Condition: Fresh
Skin: Skinless
Bone: Boneless
Fat: Low
Supplier: Karim Meats",(not on file),"Whole / do not cut, Cut to small pieces, Cut to large pieces, Other (please specify below)",5.0,Wholesale Goat Testicle | Bulk Halal Goat Supplier - WeDoHalal.com,"Order wholesale goat testicle in bulk, fresh available. Competitive per-kg pricing for restaurants, grocers, and mosques. Edmonton pickup or delivery.","A niche but culturally significant offering, goat testicles are used in various traditional dishes across the Middle Eastern and South Asian regions, prized for their texture and considered a delicacy.",https://images.wedohalal.com/products/Goat-Testicles-11.webp,24.0
11,Goat Liver,Meat,Goat,1,None (single variant / consistent attributes),"Condition: Fresh
Skin: Skinless
Bone: Boneless
Fat: Low
Supplier: Karim Meats",(not on file),"Whole / do not cut, Sliced, Other (please specify below)",5.0,Wholesale Goat Liver | Bulk Halal Goat Supplier - WeDoHalal.com,"Order wholesale goat liver in bulk, fresh available. Competitive per-kg pricing for restaurants, grocers, and mosques. Edmonton pickup or delivery.","Rich in nutrients, goat liver is versatile across many dishes, such as liver fry or liver curry, popular in many Muslim-majority countries. It offers a distinctive taste and a nutritional boost to meals.",https://images.wedohalal.com/products/Goat-Liver-12.webp,28.0
12,Goat Head,Meat,Goat,6,"Condition, Skin type, Bone type, Fat","Condition: Fresh, Frozen
Skin: Skinless, With Skin
Bone: With Bone, Boneless
Fat: High, Medium
Supplier: Karim Meats",(not on file),"Whole / do not cut, Cut to small pieces, Cut to large pieces, Remove skin, Debone (remove bone), Trim excess fat, Other (please specify below)",5.0,Wholesale Goat Head | Bulk Halal Goat Supplier - WeDoHalal.com,"Order wholesale goat head in bulk, fresh/frozen available. Competitive per-kg pricing for restaurants, grocers, and mosques. Edmonton pickup or delivery.","Discover the rich, tender flavor of our [Fresh] Goat Tongue, a halal delicacy perfect for traditional stews and exotic dishes. Packed with protein and essential nutrients, it appeals to diverse culinary traditions and adventurous palates.",https://images.wedohalal.com/products/Goat-Tongue-1018.webp,132.0
13,Goat Ribs,Meat,Goat,2,Condition,"Condition: Fresh, Frozen
Skin: Skinless
Bone: With Bone
Fat: Medium
Supplier: Karim Meats",(not on file),"Whole / do not cut, Cut to small pieces, Cut to large pieces, Full rack, Half rack, Debone (remove bone), Trim excess fat, Other (please specify below)",5.0,Wholesale Goat Ribs | Bulk Halal Goat Supplier - WeDoHalal.com,"Order wholesale goat ribs in bulk, fresh/frozen available. Competitive per-kg pricing for restaurants, grocers, and mosques. Edmonton pickup or delivery.","Ideal for BBQ and slow-cooked dishes, goat ribs offer a flavorful, meaty option that's popular in both Middle Eastern and South Asian barbecue cuisines, such as in rib curries or grilled ribs.",https://images.wedohalal.com/products/Goat-Ribs-21.webp,40.0
14,Beef Shank,Meat,Beef,5,"Condition, Bone type, Supplier name","Condition: Fresh, Frozen
Skin: Skinless
Bone: With Bone, Boneless
Fat: Medium
Supplier: Karim Meats, Westgate Halal",(not on file),"Whole / do not cut, Cut to small pieces, Cut to large pieces, Frenched, Debone (remove bone), Trim excess fat, Other (please specify below)",10.0,Wholesale Beef Shank | Bulk Halal Beef Supplier - WeDoHalal.com,"Order wholesale beef shank in bulk, fresh/frozen available. Competitive per-kg pricing for restaurants, grocers, and mosques. Edmonton pickup or delivery.","Beef shank with bone is perfect for slow-cooked dishes like osso buco or nihari. It's favored in many cuisines for its rich marrow and meat that tenderizes beautifully, absorbing the flavors of spices and herbs.",https://images.wedohalal.com/products/Beef-Shank-215.webp,161.0
15,Beef Ribs,Meat,Beef,7,"Condition, Bone type, Fat, Supplier name","Condition: Fresh, Frozen
Skin: Skinless
Bone: With Bone, Boneless
Fat: Medium, High
Supplier: Karim Meats, Westgate Halal",(not on file),"Whole / do not cut, Cut to small pieces, Cut to large pieces, Full rack, Half rack, Debone (remove bone), Trim excess fat, Other (please specify below)",10.0,Wholesale Beef Ribs | Bulk Halal Beef Supplier - WeDoHalal.com,"Order wholesale beef ribs in bulk, fresh/frozen available. Competitive per-kg pricing for restaurants, grocers, and mosques. Edmonton pickup or delivery.","Pre-marinated beef, ready for cooking, simplifies meal preparation for busy households. It's excellent for quick stir-fries or grills, suitable for a variety of dishes from shawarma to steak, tailored to taste preferences across diverse demographics.",https://images.wedohalal.com/products/AAA-Rib-Eye-Steak-1027.webp,216.0
16,Beef Stew,Meat,Beef,4,"Bone type, Supplier name","Condition: Fresh
Skin: Skinless
Bone: Boneless, With Bone
Fat: Medium
Supplier: Karim Meats, Westgate Halal",(not on file),"Whole / do not cut, Cut to small pieces, Cut to large pieces, Debone (remove bone), Trim excess fat, Other (please specify below)",10.0,Wholesale Beef Stew | Bulk Halal Beef Supplier - WeDoHalal.com,"Order wholesale beef stew in bulk, fresh available. Competitive per-kg pricing for restaurants, grocers, and mosques. Edmonton pickup or delivery.","This cut of beef is ideal for hearty stews and curries, common in African and Middle Eastern households. It absorbs spices well, offering a tender, flavorful meal component that's both satisfying and culturally resonant.",https://images.wedohalal.com/products/Bf-Stew-With-Bone-239.webp,188.0
17,Beef Mixed with Bone,Meat,Beef,4,"Condition, Bone type, Fat, Supplier name","Condition: Fresh, Frozen
Skin: Skinless
Bone: With Bone, Boneless
Fat: High, Medium
Supplier: Karim Meats, Westgate Halal",(not on file),"Whole / do not cut, Cut to small pieces, Cut to large pieces, Debone (remove bone), Trim excess fat, Other (please specify below)",10.0,Wholesale Beef Mixed | Bulk Halal Beef Supplier - WeDoHalal.com,"Order wholesale beef mixed in bulk, fresh/frozen available. Competitive per-kg pricing for restaurants, grocers, and mosques. Edmonton pickup or delivery.","Offering a mix of beef cuts with bones, this product is perfect for making rich, flavorful broths and stews like paya or haleem, beloved in many Muslim cuisines for their depth of flavor and communal appeal.",https://images.wedohalal.com/products/Mixed-Beef-And-Lamb-Ground-332.webp,211.0
18,Beef Ground (Lean),Meat,Beef,3,"Fat, Supplier name","Condition: Fresh
Skin: Skinless
Bone: Boneless
Fat: Medium, Low
Supplier: Karim Meats, Westgate Halal",(not on file),"Regular grind, Fine grind, Coarse grind, Other (please specify below)",10.0,Wholesale Beef Ground | Bulk Halal Beef Supplier - WeDoHalal.com,"Order wholesale beef ground in bulk, fresh available. Competitive per-kg pricing for restaurants, grocers, and mosques. Edmonton pickup or delivery.","Versatile ground beef is a staple for many dishes, from kebabs to meat sauces. It's especially popular in making comfort foods across a variety of cultures, including Middle Eastern and South Asian.",https://images.wedohalal.com/products/Extra-Lean-Ground-Beef-205.webp,150.0
19,Chicken Breast,Meat,Chicken,7,Supplier name,"Condition: Fresh
Skin: Skinless
Bone: Boneless
Fat: Low
Supplier: Karim Meats, Westgate Halal",(not on file),"Whole / do not cut, Cut to small pieces, Cut to large pieces, Other (please specify below)",10.0,Wholesale Chicken Breast | Bulk Halal Chicken Supplier - WeDoHalal.com,"Order wholesale chicken breast in bulk, fresh available. Competitive per-kg pricing for restaurants, grocers, and mosques. Edmonton pickup or delivery.","Lean and healthy, boneless skinless chicken breast is perfect for health-conscious consumers. It's ideal for dishes where chicken's flavor should shine without excess fat, like grilled chicken or chicken salad, appealing across various dietary preferences.",https://images.wedohalal.com/products/Skinless-Boneless-Breast-243.webp,140.0
20,Goat RibChopLoin,Meat,Goat,1,None (single variant / consistent attributes),"Condition: Frozen
Skin: Skinless
Bone: With Bone
Fat: Medium
Supplier: Karim Meats",(not on file),"Whole / do not cut, Cut to small pieces, Cut to large pieces, Full rack, Half rack, Debone (remove bone), Trim excess fat, Other (please specify below)",5.0,Wholesale Goat RibChopLoin | Bulk Halal Goat Supplier - WeDoHalal.com,"Order wholesale goat ribchoploin in bulk, frozen available. Competitive per-kg pricing for restaurants, grocers, and mosques. Edmonton pickup or delivery.","Explore the versatility of our goat meat with a combination of ribs, chops, and loin, all halal-certified. Perfect for grilling or slow-cooked dishes. They are nutrient-rich, providing essential vitamins.","https://images.wedohalal.com/products/Goat-Ribs,-Chops-&-Loin-22.webp",44.0
21,Beef Skin,Meat,Beef,2,Supplier name,"Condition: Frozen
Skin: With Skin
Bone: Boneless
Fat: High
Supplier: Karim Meats, Westgate Halal",(not on file),"Whole / do not cut, Cut to small pieces, Cut to large pieces, Remove skin, Trim excess fat, Other (please specify below)",10.0,Wholesale Beef Skin | Bulk Halal Beef Supplier - WeDoHalal.com,"Order wholesale beef skin in bulk, frozen available. Competitive per-kg pricing for restaurants, grocers, and mosques. Edmonton pickup or delivery.","Enjoy the unique taste and texture of our crispy burnt beef skin, a delicacy in many cultures. It's rich in collagen, which is great for skin and joint health. Halal-certified.",https://images.wedohalal.com/products/Beef-Skin-285.webp,193.0
22,Beef Stomach (Tripe),Meat,Beef,1,None (single variant / consistent attributes),"Condition: Frozen
Skin: Skinless
Bone: Boneless
Fat: Low
Supplier: Karim Meats",(not on file),"Whole / do not cut, Cut to small pieces, Cut to large pieces, Other (please specify below)",10.0,Wholesale Beef Stomach | Bulk Halal Beef Supplier - WeDoHalal.com,"Order wholesale beef stomach in bulk, frozen available. Competitive per-kg pricing for restaurants, grocers, and mosques. Edmonton pickup or delivery.",Our halal beef stomach is a traditional ingredient in many ethnic dishes such as Kabsa. It offers a unique texture and is a good source of protein.,https://images.wedohalal.com/products/Beef-Stomach-24.webp,26.0
23,Goat Stomach,Meat,Goat,1,None (single variant / consistent attributes),"Condition: Frozen
Skin: Skinless
Bone: Boneless
Fat: Low
Supplier: Karim Meats",(not on file),"Whole / do not cut, Cut to small pieces, Cut to large pieces, Other (please specify below)",5.0,Wholesale Goat Stomach | Bulk Halal Goat Supplier - WeDoHalal.com,"Order wholesale goat stomach in bulk, frozen available. Competitive per-kg pricing for restaurants, grocers, and mosques. Edmonton pickup or delivery.","Sourced carefully to ensure halal standards, our goat stomach is versatile for use in various traditional recipes, providing a rich source of nutrients.",https://images.wedohalal.com/products/Goat-Stomach-25.webp,48.0
24,Beef Intestine,Meat,Beef,1,None (single variant / consistent attributes),"Condition: Frozen
Skin: Skinless
Bone: Boneless
Fat: Medium
Supplier: Karim Meats",(not on file),"Whole / do not cut, Cut to small pieces, Cut to large pieces, Trim excess fat, Other (please specify below)",10.0,Wholesale Beef Intestine | Bulk Halal Beef Supplier - WeDoHalal.com,"Order wholesale beef intestine in bulk, frozen available. Competitive per-kg pricing for restaurants, grocers, and mosques. Edmonton pickup or delivery.","Our halal beef intestine is popular in dishes like Qorma and provides a chewy texture. It's a nutritious part of the diet, rich in iron and proteins.",https://images.wedohalal.com/products/Beef-Intestine-26.webp,30.0
25,Goat Intestine,Meat,Goat,1,None (single variant / consistent attributes),"Condition: Frozen
Skin: Skinless
Bone: Boneless
Fat: Medium
Supplier: Karim Meats",(not on file),"Whole / do not cut, Cut to small pieces, Cut to large pieces, Trim excess fat, Other (please specify below)",5.0,Wholesale Goat Intestine | Bulk Halal Goat Supplier - WeDoHalal.com,"Order wholesale goat intestine in bulk, frozen available. Competitive per-kg pricing for restaurants, grocers, and mosques. Edmonton pickup or delivery.","Goat intestine, offered halal-certified, is essential in traditional cooking across various cuisines, known for its high vitamin and mineral content.",https://images.wedohalal.com/products/Goat-Intestine-27.webp,54.0
26,Goat Mixed,Meat,Goat,1,None (single variant / consistent attributes),"Condition: Frozen
Skin: Skinless
Bone: With Bone
Fat: Medium
Supplier: Karim Meats",(not on file),"Whole / do not cut, Cut to small pieces, Cut to large pieces, Debone (remove bone), Trim excess fat, Other (please specify below)",5.0,Wholesale Goat Mixed | Bulk Halal Goat Supplier - WeDoHalal.com,"Order wholesale goat mixed in bulk, frozen available. Competitive per-kg pricing for restaurants, grocers, and mosques. Edmonton pickup or delivery.","Our mixed goat meat plate includes various cuts, each halal-certified, providing a taste of traditional cooking. Ideal for diverse recipes, rich in proteins and minerals.",https://images.wedohalal.com/products/Goat-Mixed-Plate-(Edmonton)-29.webp,58.0
28,Chicken Thighs,Meat,Chicken,6,"Condition, Skin type, Bone type, Fat, Supplier name","Condition: Frozen, Fresh
Skin: Skinless, With Skin
Bone: Boneless, With Bone
Fat: Medium, Low
Supplier: Karim Meats, Westgate Halal",(not on file),"Whole / do not cut, Cut to small pieces, Cut to large pieces, Remove skin, Debone (remove bone), Trim excess fat, Other (please specify below)",10.0,Wholesale Chicken Thighs | Bulk Halal Chicken Supplier - WeDoHalal.com,"Order wholesale chicken thighs in bulk, fresh/frozen available. Competitive per-kg pricing for restaurants, grocers, and mosques. Edmonton pickup or delivery.","Our chicken thighs are boneless, skinless, and halal-certified, perfect for a variety of dishes from Biryani to BBQ. They offer a rich source of lean protein.",https://images.wedohalal.com/products/Regular-Thighs-247.webp,146.0
29,Chicken Ground,Meat,Chicken,1,None (single variant / consistent attributes),"Condition: Frozen
Skin: Skinless
Bone: Boneless
Fat: Low
Supplier: Karim Meats",(not on file),"Regular grind, Fine grind, Coarse grind, Other (please specify below)",10.0,Wholesale Chicken Ground | Bulk Halal Chicken Supplier - WeDoHalal.com,"Order wholesale chicken ground in bulk, frozen available. Competitive per-kg pricing for restaurants, grocers, and mosques. Edmonton pickup or delivery.","Our ground chicken is halal-certified and perfect for making burgers, meatballs, or stuffing. It provides a healthy, lean protein option for any meal.",https://images.wedohalal.com/products/Ground-Chicken-34.webp,33.0
30,Beef Kabob,Meat,Beef,10,"Condition, Bone type, Supplier name","Condition: Frozen, Fresh
Skin: Skinless
Bone: Boneless, With Bone
Fat: Medium
Supplier: Karim Meats, Westgate Halal",(not on file),"Whole / do not cut, Cut to small pieces, Cut to large pieces, Debone (remove bone), Trim excess fat, Other (please specify below)",10.0,Wholesale Beef Kabob | Bulk Halal Beef Supplier - WeDoHalal.com,"Order wholesale beef kabob in bulk, fresh/frozen available. Competitive per-kg pricing for restaurants, grocers, and mosques. Edmonton pickup or delivery.","Indulge in the delicious flavors of our K&Z beef boti kabab, halal-certified and perfect for grilling. They provide a hearty, protein-rich meal that's both satisfying and nutritious.",https://images.wedohalal.com/products/Beef-Kafta-Kabab-1031.webp,222.0
31,Chicken Kabob,Meat,Chicken,5,"Condition, Supplier name","Condition: Frozen, Fresh
Skin: Skinless
Bone: Boneless
Fat: Medium
Supplier: Karim Meats, Westgate Halal",(not on file),"Whole / do not cut, Cut to small pieces, Cut to large pieces, Trim excess fat, Other (please specify below)",10.0,Wholesale Chicken Kabob | Bulk Halal Chicken Supplier - WeDoHalal.com,"Order wholesale chicken kabob in bulk, fresh/frozen available. Competitive per-kg pricing for restaurants, grocers, and mosques. Edmonton pickup or delivery.","Our chicken seekh kabab is made from halal-certified meat, seasoned with a blend of spices that cater perfectly to a halal diet, providing a delicious protein-rich meal.",https://images.wedohalal.com/products/Chicken-Shish-Kabob-191.webp,113.0
32,Chicken Kofta,Meat,Chicken,1,None (single variant / consistent attributes),"Condition: Frozen
Skin: Skinless
Bone: Boneless
Fat: Medium
Supplier: Karim Meats",(not on file),"Whole / do not cut, Cut to small pieces, Cut to large pieces, Trim excess fat, Other (please specify below)",10.0,Wholesale Chicken Kofta | Bulk Halal Chicken Supplier - WeDoHalal.com,"Order wholesale chicken kofta in bulk, frozen available. Competitive per-kg pricing for restaurants, grocers, and mosques. Edmonton pickup or delivery.","Our K&Z chicken kofta is halal-certified, offering a tasty, protein-packed option for quick meals or elaborate dishes, versatile across various cuisines.",https://images.wedohalal.com/products/K&Z-Chicken-Kofta-40.webp,45.0
33,Beef Kofta,Meat,Beef,1,None (single variant / consistent attributes),"Condition: Frozen
Skin: Skinless
Bone: Boneless
Fat: Medium
Supplier: Karim Meats",(not on file),"Whole / do not cut, Cut to small pieces, Cut to large pieces, Trim excess fat, Other (please specify below)",10.0,Wholesale Beef Kofta | Bulk Halal Beef Supplier - WeDoHalal.com,"Order wholesale beef kofta in bulk, frozen available. Competitive per-kg pricing for restaurants, grocers, and mosques. Edmonton pickup or delivery.","Try our K&Z beef kofta for a halal-certified, nutritious meal option that is rich in protein and full of flavor, perfect for grilling or as part of a hearty meal.",https://images.wedohalal.com/products/K&Z-Beef-Kofta-41.webp,52.0
34,Chicken Wings,Meat,Chicken,4,"Condition, Supplier name","Condition: Frozen, Fresh
Skin: With Skin
Bone: With Bone
Fat: High
Supplier: Karim Meats, Westgate Halal",(not on file),"Whole / do not cut, Cut to small pieces, Cut to large pieces, Remove skin, Debone (remove bone), Trim excess fat, Other (please specify below)",10.0,Wholesale Chicken Wings | Bulk Halal Chicken Supplier - WeDoHalal.com,"Order wholesale chicken wings in bulk, fresh/frozen available. Competitive per-kg pricing for restaurants, grocers, and mosques. Edmonton pickup or delivery.","Tender and protein-rich, our halal chicken split wings are perfect for frying, baking, or grilling. A favorite in Arab and South Asian kitchens, they bring flavor and crunch to every bite.",https://images.wedohalal.com/products/Chicken-Split-Wings-1021.webp,175.0
35,Beef Roll,Meat,Beef,1,None (single variant / consistent attributes),"Condition: Frozen
Skin: Skinless
Bone: Boneless
Fat: Medium
Supplier: Karim Meats",(not on file),"Whole / do not cut, Cut to small pieces, Cut to large pieces, Trim excess fat, Other (please specify below)",10.0,Wholesale Beef Roll | Bulk Halal Beef Supplier - WeDoHalal.com,"Order wholesale beef roll in bulk, frozen available. Competitive per-kg pricing for restaurants, grocers, and mosques. Edmonton pickup or delivery.","These beef rolls are fresh, halal-certified, and packed with flavor, making them a perfect Snacks or addition to any meal, rich in protein and essential nutrients.",https://images.wedohalal.com/products/Fresh-&-Fresh-Beef-Rolls-(25-pieces)-45.webp,60.0
37,Chicken Samosa,Meat,Chicken,2,None (single variant / consistent attributes),"Condition: Frozen
Skin: Skinless
Bone: Boneless
Fat: Medium
Supplier: Karim Meats",(not on file),"Whole / do not cut, Cut to small pieces, Cut to large pieces, Trim excess fat, Other (please specify below)",10.0,Wholesale Chicken Samosa | Bulk Halal Chicken Supplier - WeDoHalal.com,"Order wholesale chicken samosa in bulk, frozen available. Competitive per-kg pricing for restaurants, grocers, and mosques. Edmonton pickup or delivery.","Enjoy the delicious taste of Al Shams chicken samosas, made from halal-certified chicken and spices, perfect for quick meals or appetizers at gatherings.",https://images.wedohalal.com/products/Al-Shams-Chicken-Samosa-(40-pieces)-50.webp,59.0
38,Beef Samosa,Meat,Beef,2,None (single variant / consistent attributes),"Condition: Frozen
Skin: Skinless
Bone: Boneless
Fat: Medium
Supplier: Karim Meats",(not on file),"Whole / do not cut, Cut to small pieces, Cut to large pieces, Trim excess fat, Other (please specify below)",10.0,Wholesale Beef Samosa | Bulk Halal Beef Supplier - WeDoHalal.com,"Order wholesale beef samosa in bulk, frozen available. Competitive per-kg pricing for restaurants, grocers, and mosques. Edmonton pickup or delivery.","Riwayat beef samosas are filled with juicy, halal-certified beef and aromatic spices, making them a perfect Snacks or addition to any meal focused on traditional flavors.",https://images.wedohalal.com/products/Riwayat-Beef-Samosa-(40-pieces)-51.webp,68.0
43,Lamb Shoulder,Meat,Lamb,4,"Condition, Supplier name","Condition: Frozen, Fresh
Skin: Skinless
Bone: With Bone
Fat: Medium
Origin: New Zealand
Supplier: Karim Meats, Westgate Halal",New Zealand,"Whole / do not cut, Cut to small pieces, Cut to large pieces, Debone (remove bone), Trim excess fat, Other (please specify below)",10.0,Wholesale Lamb Shoulder | Bulk Halal Lamb Supplier - WeDoHalal.com,"Order wholesale lamb shoulder in bulk, fresh/frozen available. Competitive per-kg pricing for restaurants, grocers, and mosques. Edmonton pickup or delivery.","This halal-certified New Zealand lamb shoulder is rich in flavor and perfect for slow-cooked dishes like roasts and stews, offering nutritional benefits like high-quality protein.",https://images.wedohalal.com/products/Frozen-Square-Cut-Shoulders-273.webp,123.0
45,Lamb Leg,Meat,Lamb,7,"Condition, Bone type, Supplier name","Condition: Frozen, Fresh
Skin: Skinless
Bone: With Bone, Boneless
Fat: Medium
Origin: New Zealand
Supplier: Karim Meats, Westgate Halal",New Zealand,"Whole / do not cut, Cut to small pieces, Cut to large pieces, Butterfly, Debone (remove bone), Trim excess fat, Other (please specify below)",10.0,Wholesale Lamb Leg | Bulk Halal Lamb Supplier - WeDoHalal.com,"Order wholesale lamb leg in bulk, fresh/frozen available. Competitive per-kg pricing for restaurants, grocers, and mosques. Edmonton pickup or delivery.","The lamb leg is a lean cut that's excellent for slow-cooking methods, making it ideal for recipes like roasts or stews in Arab and African cuisines. It offers a tender, flavorful meat that absorbs spices well, enhancing any festive meal.",https://images.wedohalal.com/products/Leg-of-Lamb-NZ-(long)-528.webp,200.0
47,Lamb Brain,Meat,Lamb,1,None (single variant / consistent attributes),"Condition: Frozen
Skin: Skinless
Bone: Boneless
Fat: High
Supplier: Karim Meats",(not on file),"Whole / do not cut, Sliced, Other (please specify below)",5.0,Wholesale Lamb Brain | Bulk Halal Lamb Supplier - WeDoHalal.com,"Order wholesale lamb brain in bulk, frozen available. Competitive per-kg pricing for restaurants, grocers, and mosques. Edmonton pickup or delivery.","Try our unique blend of lamb and goat brain, halal-certified, known for its delicate texture and rich nutrients, popular in various traditional dishes.",https://images.wedohalal.com/products/Lamb/Goat-Brain-Mixed-(40-pieces)-59.webp,15.0
49,Lamb Fat,Meat,Lamb,1,None (single variant / consistent attributes),"Condition: Frozen
Skin: Skinless
Bone: Boneless
Fat: High
Supplier: Karim Meats",(not on file),"Whole / do not cut, Cut to small pieces, Cut to large pieces, Trim excess fat, Other (please specify below)",5.0,Wholesale Lamb Fat | Bulk Halal Lamb Supplier - WeDoHalal.com,"Order wholesale lamb fat in bulk, frozen available. Competitive per-kg pricing for restaurants, grocers, and mosques. Edmonton pickup or delivery.","Halal-certified lamb fat, perfect for adding richness and flavor to your cooking, while providing essential fats that are important for a balanced diet.",https://images.wedohalal.com/products/Lamb-Fat-61.webp,19.0
52,Lamb Head,Meat,Lamb,6,"Condition, Skin type, Bone type, Fat","Condition: Frozen, Fresh
Skin: Skinless, With Skin
Bone: With Bone, Boneless
Fat: High, Medium
Supplier: Karim Meats",(not on file),"Whole / do not cut, Cut to small pieces, Cut to large pieces, Remove skin, Debone (remove bone), Trim excess fat, Other (please specify below)",5.0,Wholesale Lamb Head | Bulk Halal Lamb Supplier - WeDoHalal.com,"Order wholesale lamb head in bulk, fresh/frozen available. Competitive per-kg pricing for restaurants, grocers, and mosques. Edmonton pickup or delivery.","Discover our premium halal lamb selection featuring head, tongue, and brain, expertly prepared without skin. Rich in nutrients, these cuts are perfect for traditional dishes, offering authentic flavors and cultural culinary experiences. Buy 2, get 1 free!",https://images.wedohalal.com/products/Lamb-Tongue-1019.webp,206.0
54,Lamb Shank,Meat,Lamb,2,"Condition, Supplier name","Condition: Frozen, Fresh
Skin: Skinless
Bone: With Bone
Fat: Medium
Supplier: Karim Meats, Westgate Halal",(not on file),"Whole / do not cut, Cut to small pieces, Cut to large pieces, Frenched, Debone (remove bone), Trim excess fat, Other (please specify below)",5.0,Wholesale Lamb Shank | Bulk Halal Lamb Supplier - WeDoHalal.com,"Order wholesale lamb shank in bulk, fresh/frozen available. Competitive per-kg pricing for restaurants, grocers, and mosques. Edmonton pickup or delivery.","Our lamb shank is halal-certified and ideal for slow cooking, which brings out its full flavor and tenderness, making it a superb choice for fine dining.",https://images.wedohalal.com/products/Lamb-Shank-129.webp,57.0
56,Beef Oxtail,Meat,Beef,1,None (single variant / consistent attributes),"Condition: Frozen
Skin: Skinless
Bone: With Bone
Fat: High
Supplier: Karim Meats",(not on file),"Whole / do not cut, Cut to small pieces, Cut to large pieces, Debone (remove bone), Trim excess fat, Other (please specify below)",10.0,Wholesale Beef Oxtail | Bulk Halal Beef Supplier - WeDoHalal.com,"Order wholesale beef oxtail in bulk, frozen available. Competitive per-kg pricing for restaurants, grocers, and mosques. Edmonton pickup or delivery.","Savory and rich, our halal oxtail beef is perfect for stews and soups, offering a robust flavor and plenty of nutrients, including protein and iron.",https://images.wedohalal.com/products/Oxtail-Beef-69.webp,72.0
59,Basa Fish Fillet,Meat,Fish,2,Skin type,"Condition: Frozen
Skin: With Skin, Skinless
Bone: Boneless
Fat: Low
Supplier: Karim Meats",(not on file),"Whole / do not cut, Cut to small pieces, Cut to large pieces, Remove skin, Other (please specify below)",5.0,Wholesale Fish Fillet | Bulk Halal Fish Supplier - WeDoHalal.com,"Order wholesale fish fillet in bulk, frozen available. Competitive per-kg pricing for restaurants, grocers, and mosques. Edmonton pickup or delivery.","Enjoy the convenience of our marinated Basa fish fillet, halal-certified and perfect for a quick, healthy meal, offering a good source of protein and omega-3s.",https://images.wedohalal.com/products/Menu-Marinated-Basa-Fish-Fillet-79.webp,247.0
61,Fish Whole,Meat,Fish,1,None (single variant / consistent attributes),"Condition: Frozen
Skin: Skinless
Bone: With Bone
Fat: Low
Supplier: Karim Meats",(not on file),"Whole / do not cut, Cut to small pieces, Cut to large pieces, Debone (remove bone), Other (please specify below)",5.0,Wholesale Fish Whole | Bulk Halal Fish Supplier - WeDoHalal.com,"Order wholesale fish whole in bulk, frozen available. Competitive per-kg pricing for restaurants, grocers, and mosques. Edmonton pickup or delivery.","Whole Rahu fish, halal-certified, offers a fresh, clean taste ideal for traditional fish recipes, providing essential omega-3 fatty acids and protein.",https://images.wedohalal.com/products/Rahu-Fish-Whole-(Scales-Removed)-75.webp,243.0
63,Fish Marntd Fish,Meat,Fish,1,None (single variant / consistent attributes),"Condition: Frozen
Skin: With Skin
Bone: With Bone
Fat: Low
Supplier: Karim Meats",(not on file),"Whole / do not cut, Cut to small pieces, Cut to large pieces, Remove skin, Debone (remove bone), Other (please specify below)",5.0,Wholesale Fish Marntd Fish | Bulk Halal Fish Supplier - WeDoHalal.com,"Order wholesale fish marntd fish in bulk, frozen available. Competitive per-kg pricing for restaurants, grocers, and mosques. Edmonton pickup or delivery.","Our MENU marinated Rahu fish is halal-certified and ready to cook, making it an easy and nutritious addition to any meal, ideal for busy days.",https://images.wedohalal.com/products/Menu-Marinated-Rahu-Fish-(800-g)-77.webp,245.0
66,Beef Bones,Meat,Beef,2,Supplier name,"Condition: Frozen
Skin: Skinless
Bone: With Bone
Fat: Medium
Supplier: Karim Meats, Westgate Halal",(not on file),"Whole / do not cut, Cut to small pieces, Cut to large pieces, Debone (remove bone), Trim excess fat, Other (please specify below)",10.0,Wholesale Beef Bones | Bulk Halal Beef Supplier - WeDoHalal.com,"Order wholesale beef bones in bulk, frozen available. Competitive per-kg pricing for restaurants, grocers, and mosques. Edmonton pickup or delivery.","Our halal beef bones are perfect for creating rich, nourishing broths that serve as a base for numerous traditional dishes, providing collagen and minerals.",https://images.wedohalal.com/products/Beef-Bones-(For-Soup)-81.webp,80.0
69,Beef Feet (Cow Feet),Meat,Beef,2,Supplier name,"Condition: Frozen
Skin: Skinless
Bone: With Bone
Fat: Low
Supplier: Karim Meats, Westgate Halal",(not on file),"Whole / do not cut, Cut to small pieces, Cut to large pieces, Debone (remove bone), Other (please specify below)",10.0,Wholesale Beef Feet | Bulk Halal Beef Supplier - WeDoHalal.com,"Order wholesale beef feet in bulk, frozen available. Competitive per-kg pricing for restaurants, grocers, and mosques. Edmonton pickup or delivery.","Cow feet, halal-certified, are used in many traditional dishes across various cultures, known for their gelatinous texture and rich in collagen.",https://images.wedohalal.com/products/Cow-Feet-289.webp,196.0
71,Goat Feet Trotters,Meat,Goat,2,Skin type,"Condition: Frozen
Skin: With Skin, Skinless
Bone: With Bone
Fat: Low
Supplier: Karim Meats",(not on file),"Whole / do not cut, Cut to small pieces, Cut to large pieces, Remove skin, Debone (remove bone), Other (please specify below)",5.0,Wholesale Goat Feet | Bulk Halal Goat Supplier - WeDoHalal.com,"Order wholesale goat feet in bulk, frozen available. Competitive per-kg pricing for restaurants, grocers, and mosques. Edmonton pickup or delivery.","Experience the unique flavor and texture of our halal burnt skin goat feet, popular in traditional cooking for their collagen-rich benefits.",https://images.wedohalal.com/products/Goat-Feet-(Washed)-97.webp,70.0
73,Chicken Feet,Meat,Chicken,2,Supplier name,"Condition: Frozen
Skin: Skinless
Bone: With Bone
Fat: Low
Supplier: Karim Meats, Westgate Halal",(not on file),"Whole / do not cut, Cut to small pieces, Cut to large pieces, Debone (remove bone), Other (please specify below)",10.0,Wholesale Chicken Feet | Bulk Halal Chicken Supplier - WeDoHalal.com,"Order wholesale chicken feet in bulk, frozen available. Competitive per-kg pricing for restaurants, grocers, and mosques. Edmonton pickup or delivery.","Our halal chicken feet are perfect for making rich, gelatinous broths, adding unique texture and flavor to your dishes, while providing collagen.",https://images.wedohalal.com/products/Chicken-Feet-287.webp,163.0
76,Turkey Whole,Meat,Turkey,1,None (single variant / consistent attributes),"Condition: Frozen
Skin: With Skin
Bone: With Bone
Fat: Medium
Supplier: Karim Meats",(not on file),"Whole / do not cut, Cut to small pieces, Cut to large pieces, Remove skin, Debone (remove bone), Trim excess fat, Other (please specify below)",20.0,Wholesale Turkey Whole | Bulk Halal Turkey Supplier - WeDoHalal.com,"Order wholesale turkey whole in bulk, frozen available. Competitive per-kg pricing for restaurants, grocers, and mosques. Edmonton pickup or delivery.","Enjoy our whole turkey with skin, halal-certified, perfect for festive occasions, offering lean, high-quality protein and a rich taste.",https://images.wedohalal.com/products/Turkey-(Whole-With-Skin)-93.webp,255.0
78,Beef Joints,Meat,Beef,1,None (single variant / consistent attributes),"Condition: Frozen
Skin: Skinless
Bone: With Bone
Fat: Medium
Supplier: Karim Meats",(not on file),"Whole / do not cut, Cut to small pieces, Cut to large pieces, Debone (remove bone), Trim excess fat, Other (please specify below)",10.0,Wholesale Beef Joints | Bulk Halal Beef Supplier - WeDoHalal.com,"Order wholesale beef joints in bulk, frozen available. Competitive per-kg pricing for restaurants, grocers, and mosques. Edmonton pickup or delivery.","Our beef joints are ideal for creating deeply flavorful and nutritious soups and stews, halal-certified and rich in proteins and minerals.",https://images.wedohalal.com/products/Beef-Joints-For-Soup-95.webp,92.0
82,Beef Steak (Bavette),Meat,Beef,3,None (single variant / consistent attributes),"Condition: Fresh
Skin: Skinless
Bone: Boneless
Fat: Medium
Supplier: Westgate Halal",(not on file),"Whole / do not cut, Cut to small pieces, Cut to large pieces, Trim excess fat, Other (please specify below)",5.0,Wholesale Beef Steak | Bulk Halal Beef Supplier - WeDoHalal.com,"Order wholesale beef steak in bulk, fresh available. Competitive per-kg pricing for restaurants, grocers, and mosques. Edmonton pickup or delivery.","A flavorful halal cut with a loose grain, Bavette steak is ideal for marinating and grilling, widely appreciated in African, Arab, and Indo-Pak BBQ traditions.",https://images.wedohalal.com/products/Bavette-Steak-(Inside-skirt)-1030.webp,221.0
84,Lamb Chops (Mutton),Meat,Lamb,2,Supplier name,"Condition: Fresh
Skin: Skinless
Bone: With Bone
Fat: Medium
Origin: Alberta
Supplier: Westgate Halal, Karim Meats",Alberta,"Whole / do not cut, Cut to small pieces, Cut to large pieces, Debone (remove bone), Trim excess fat, Other (please specify below)",5.0,Wholesale Lamb Chops | Bulk Halal Lamb Supplier - WeDoHalal.com,"Order wholesale lamb chops in bulk, fresh available. Competitive per-kg pricing for restaurants, grocers, and mosques. Edmonton pickup or delivery.","lamb chops are a premium cut, ideal for grilling or frying, and feature prominently in dishes such as karahi and grilled chops across Indian and Middle Eastern menus. They offer a succulent, flavorful meat choice for special occasions.",https://images.wedohalal.com/products/Lamb-Chops-419.webp,142.0
86,Lamb Sirloin,Meat,Lamb,1,None (single variant / consistent attributes),"Condition: Fresh
Skin: Skinless
Bone: Boneless
Fat: Medium
Supplier: Westgate Halal",(not on file),"Whole / do not cut, Cut to small pieces, Cut to large pieces, Trim excess fat, Other (please specify below)",5.0,Wholesale Lamb Sirloin | Bulk Halal Lamb Supplier - WeDoHalal.com,"Order wholesale lamb sirloin in bulk, fresh available. Competitive per-kg pricing for restaurants, grocers, and mosques. Edmonton pickup or delivery.","A gourmet option for stuffed dishes and rolls, blending rich flavors for a memorable culinary experience.",https://images.wedohalal.com/products/Boftak-(Rouladen)-223.webp,107.0
88,Chicken Leg,Meat,Chicken,3,"Skin type, Bone type, Fat","Condition: Fresh
Skin: With Skin, Skinless
Bone: With Bone, Boneless
Fat: High, Medium, Low
Supplier: Westgate Halal",(not on file),"Whole / do not cut, Cut to small pieces, Cut to large pieces, Remove skin, Debone (remove bone), Trim excess fat, Other (please specify below)",10.0,Wholesale Chicken Leg | Bulk Halal Chicken Supplier - WeDoHalal.com,"Order wholesale chicken leg in bulk, fresh available. Competitive per-kg pricing for restaurants, grocers, and mosques. Edmonton pickup or delivery.","A favorite for traditional roasting, offering a rich flavor and tender texture, perfect for family meals.",https://images.wedohalal.com/products/Back-Attached-Legs-251.webp,151.0
93,Lamb Steak,Meat,Lamb,3,"Condition, Supplier name","Condition: Fresh, Frozen
Skin: Skinless
Bone: Boneless
Fat: Medium
Supplier: Westgate Halal, Karim Meats",(not on file),"Whole / do not cut, Cut to small pieces, Cut to large pieces, Trim excess fat, Other (please specify below)",5.0,Wholesale Lamb Steak | Bulk Halal Lamb Supplier - WeDoHalal.com,"Order wholesale lamb steak in bulk, fresh/frozen available. Competitive per-kg pricing for restaurants, grocers, and mosques. Edmonton pickup or delivery.","Indulge in the tenderness of Frozen Boneless Lamb Steak, a premium cut perfect for grilling or pan-searing. Halal-certified for quality.",https://images.wedohalal.com/products/Boneless-Lamb-Steak-517.webp,192.0
96,Lamb Meatballs,Meat,Lamb,1,None (single variant / consistent attributes),"Condition: Fresh
Skin: Skinless
Bone: Boneless
Fat: Medium
Supplier: Westgate Halal",(not on file),"Whole / do not cut, Cut to small pieces, Cut to large pieces, Trim excess fat, Other (please specify below)",5.0,Wholesale Lamb Meatballs | Bulk Halal Lamb Supplier - WeDoHalal.com,"Order wholesale lamb meatballs in bulk, fresh available. Competitive per-kg pricing for restaurants, grocers, and mosques. Edmonton pickup or delivery.","Blended with traditional seasonings for succulent meatballs, versatile in curries and sandwiches.",https://images.wedohalal.com/products/Kafta-Meatballs-103.webp,224.0
98,Lamb Kabob,Meat,Lamb,3,None (single variant / consistent attributes),"Condition: Fresh
Skin: Skinless
Bone: Boneless
Fat: Medium
Supplier: Westgate Halal",(not on file),"Whole / do not cut, Cut to small pieces, Cut to large pieces, Trim excess fat, Other (please specify below)",5.0,Wholesale Lamb Kabob | Bulk Halal Lamb Supplier - WeDoHalal.com,"Order wholesale lamb kabob in bulk, fresh available. Competitive per-kg pricing for restaurants, grocers, and mosques. Edmonton pickup or delivery.","Juicy and well-spiced, our halal lamb shish kababs are ready for grilling, offering bold flavor perfect for BBQs and Middle Eastern or Pakistani gatherings.",https://images.wedohalal.com/products/Lamb-&-Beef-Kafta-Kabob-Mix-105.webp,225.0
103,Lamb Heart,Meat,Lamb,1,None (single variant / consistent attributes),"Condition: Fresh
Skin: Skinless
Bone: Boneless
Fat: Low
Supplier: Westgate Halal",(not on file),"Whole / do not cut, Sliced, Other (please specify below)",5.0,Wholesale Lamb Heart | Bulk Halal Lamb Supplier - WeDoHalal.com,"Order wholesale lamb heart in bulk, fresh available. Competitive per-kg pricing for restaurants, grocers, and mosques. Edmonton pickup or delivery.","Versatile for grilling or stewing, a traditional choice for exploring rich and authentic flavors.",https://images.wedohalal.com/products/Lamb-Heart-115.webp,35.0
105,Lamb HeartKidney,Meat,Lamb,1,None (single variant / consistent attributes),"Condition: Fresh
Skin: Skinless
Bone: Boneless
Fat: Low
Supplier: Karim Meats",(not on file),"Whole / do not cut, Sliced, Other (please specify below)",5.0,Wholesale Lamb HeartKidney | Bulk Halal Lamb Supplier - WeDoHalal.com,"Order wholesale lamb heartkidney in bulk, fresh available. Competitive per-kg pricing for restaurants, grocers, and mosques. Edmonton pickup or delivery.","This combination of lamb heart and kidney provides rich, iron-packed meat options that are commonly used in offal dishes popular in Middle Eastern and South Asian cuisines, like grilled heart or kidney masala.",https://images.wedohalal.com/products/Lamb-Heart-&-Kidney-422.webp,153.0
107,Lamb Kidney,Meat,Lamb,1,None (single variant / consistent attributes),"Condition: Fresh
Skin: Skinless
Bone: Boneless
Fat: Low
Supplier: Westgate Halal",(not on file),"Whole / do not cut, Sliced, Other (please specify below)",5.0,Wholesale Lamb Kidney | Bulk Halal Lamb Supplier - WeDoHalal.com,"Order wholesale lamb kidney in bulk, fresh available. Competitive per-kg pricing for restaurants, grocers, and mosques. Edmonton pickup or delivery.","Fresh lamb kidney, ideal for grilling or stews, rich in nutrients.",https://images.wedohalal.com/products/Lamb-Kidney-119.webp,43.0
110,Lamb Liver,Meat,Lamb,2,Supplier name,"Condition: Fresh
Skin: Skinless
Bone: Boneless
Fat: Low
Supplier: Westgate Halal, Karim Meats",(not on file),"Whole / do not cut, Sliced, Other (please specify below)",5.0,Wholesale Lamb Liver | Bulk Halal Lamb Supplier - WeDoHalal.com,"Order wholesale lamb liver in bulk, fresh available. Competitive per-kg pricing for restaurants, grocers, and mosques. Edmonton pickup or delivery.","Rich in nutrients, lamb liver is versatile across many dishes, such as liver fry or liver curry, popular in many Muslim-majority countries. It offers a distinctive taste and a nutritional boost to meals.",https://images.wedohalal.com/products/Lamb-Liver-424.webp,159.0
112,Goat Neck,Meat,Goat,4,"Condition, Supplier name","Condition: Fresh, Frozen
Skin: Skinless
Bone: With Bone
Fat: Medium
Supplier: Westgate Halal, Karim Meats",(not on file),"Whole / do not cut, Cut to small pieces, Cut to large pieces, Debone (remove bone), Trim excess fat, Other (please specify below)",5.0,Wholesale Goat Neck | Bulk Halal Goat Supplier - WeDoHalal.com,"Order wholesale goat neck in bulk, fresh/frozen available. Competitive per-kg pricing for restaurants, grocers, and mosques. Edmonton pickup or delivery.","Frozen Goat Neck, perfect for traditional dishes like stews and curries. Halal-certified, offering a bold and authentic flavor profile.",https://images.wedohalal.com/products/Goat-Neck-521.webp,120.0
115,Lamb Lungs,Meat,Lamb,1,None (single variant / consistent attributes),"Condition: Fresh
Skin: Skinless
Bone: Boneless
Fat: Low
Supplier: Karim Meats",(not on file),"Whole / do not cut, Cut to small pieces, Cut to large pieces, Other (please specify below)",5.0,Wholesale Lamb Lungs | Bulk Halal Lamb Supplier - WeDoHalal.com,"Order wholesale lamb lungs in bulk, fresh available. Competitive per-kg pricing for restaurants, grocers, and mosques. Edmonton pickup or delivery.","lamb lungs are a specialty meat often used in traditional dishes such as lung curries. They cater particularly to customers from the Indian subcontinent, offering a unique flavor profile for adventurous diners interested in authentic regional recipes.",https://images.wedohalal.com/products/Lamb-Lungs-421.webp,148.0
117,Lamb Muscles,Meat,Lamb,1,None (single variant / consistent attributes),"Condition: Fresh
Skin: Skinless
Bone: With Bone
Fat: Medium
Supplier: Karim Meats",(not on file),"Whole / do not cut, Cut to small pieces, Cut to large pieces, Debone (remove bone), Trim excess fat, Other (please specify below)",5.0,Wholesale Lamb Muscles | Bulk Halal Lamb Supplier - WeDoHalal.com,"Order wholesale lamb muscles in bulk, fresh available. Competitive per-kg pricing for restaurants, grocers, and mosques. Edmonton pickup or delivery.","A comprehensive mix of lamb muscles, this selection is perfect for a variety of dishes, from nihari to kababs, prevalent in South Asian and Middle Eastern cuisines. It offers a rich taste and adaptable texture for diverse culinary uses.",https://images.wedohalal.com/products/Lamb-Mix-Plate-(All-Muscles)-418.webp,139.0
121,Beef Chuck Roast,Meat,Beef,2,Supplier name,"Condition: Fresh
Skin: Skinless
Bone: Boneless
Fat: Medium
Supplier: Westgate Halal, Karim Meats",(not on file),"Whole / do not cut, Cut to small pieces, Cut to large pieces, Trim excess fat, Other (please specify below)",10.0,Wholesale Beef Chuck | Bulk Halal Beef Supplier - WeDoHalal.com,"Order wholesale beef chuck in bulk, fresh available. Competitive per-kg pricing for restaurants, grocers, and mosques. Edmonton pickup or delivery.","Enjoy the rich flavor of Fresh Beef Chuck Roast, perfect for slow-cooked dishes. Sourced from halal-certified beef, ideal for hearty meals.",https://images.wedohalal.com/products/Beef-Chuck-Roast-515.webp,219.0
123,Beef Eye of Rnd,Meat,Beef,3,Supplier name,"Condition: Fresh
Skin: Skinless
Bone: Boneless
Fat: Medium
Supplier: Westgate Halal, Karim Meats",(not on file),"Whole / do not cut, Cut to small pieces, Cut to large pieces, Trim excess fat, Other (please specify below)",10.0,Wholesale Beef Eye of Rnd | Bulk Halal Beef Supplier - WeDoHalal.com,"Order wholesale beef eye of rnd in bulk, fresh available. Competitive per-kg pricing for restaurants, grocers, and mosques. Edmonton pickup or delivery.","Versatile for roasting or slow cooking, delivering a rich beef flavor ideal for hearty meals.",https://images.wedohalal.com/products/Beef-Eye-Of-Round-Sandwich-Steak-163.webp,134.0
126,Beef Heart,Meat,Beef,2,Supplier name,"Condition: Fresh
Skin: Skinless
Bone: Boneless
Fat: Low
Supplier: Westgate Halal, Karim Meats",(not on file),"Whole / do not cut, Sliced, Other (please specify below)",10.0,Wholesale Beef Heart | Bulk Halal Beef Supplier - WeDoHalal.com,"Order wholesale beef heart in bulk, fresh available. Competitive per-kg pricing for restaurants, grocers, and mosques. Edmonton pickup or delivery.","Ideal for stews and grills, absorbing spices beautifully, perfect for nutrient-rich dishes.",https://images.wedohalal.com/products/Beef-Heart-123.webp,102.0
128,Beef Kafta,Meat,Beef,1,None (single variant / consistent attributes),"Condition: Fresh
Skin: Skinless
Bone: Boneless
Fat: Medium
Supplier: Westgate Halal",(not on file),"Whole / do not cut, Cut to small pieces, Cut to large pieces, Trim excess fat, Other (please specify below)",10.0,Wholesale Beef Kafta | Bulk Halal Beef Supplier - WeDoHalal.com,"Order wholesale beef kafta in bulk, fresh available. Competitive per-kg pricing for restaurants, grocers, and mosques. Edmonton pickup or delivery.","Finely ground with herbs and spices, ideal for Middle Eastern kebabs and family barbecues.",https://images.wedohalal.com/products/Beef-Kafta-99.webp,96.0
131,Lamb Neck,Meat,Lamb,4,"Condition, Supplier name","Condition: Fresh, Frozen
Skin: Skinless
Bone: With Bone
Fat: Medium
Supplier: Westgate Halal, Karim Meats",(not on file),"Whole / do not cut, Cut to small pieces, Cut to large pieces, Debone (remove bone), Trim excess fat, Other (please specify below)",5.0,Wholesale Lamb Neck | Bulk Halal Lamb Supplier - WeDoHalal.com,"Order wholesale lamb neck in bulk, fresh/frozen available. Competitive per-kg pricing for restaurants, grocers, and mosques. Edmonton pickup or delivery.","Frozen Lamb Neck, ideal for slow-cooked stews and soups. Halal-certified, delivering rich, deep flavors for your culinary creations.",https://images.wedohalal.com/products/Lamb-Neck-520.webp,198.0
134,Beef Kidney,Meat,Beef,2,Supplier name,"Condition: Fresh
Skin: Skinless
Bone: Boneless
Fat: Low
Supplier: Westgate Halal, Karim Meats",(not on file),"Whole / do not cut, Sliced, Other (please specify below)",10.0,Wholesale Beef Kidney | Bulk Halal Beef Supplier - WeDoHalal.com,"Order wholesale beef kidney in bulk, fresh available. Competitive per-kg pricing for restaurants, grocers, and mosques. Edmonton pickup or delivery.","Rich in nutrients, offering a unique taste suitable for traditional dishes and stews.",https://images.wedohalal.com/products/Beef-Kidney-155.webp,118.0
136,Beef Liver,Meat,Beef,2,Supplier name,"Condition: Fresh
Skin: Skinless
Bone: Boneless
Fat: Medium
Supplier: Westgate Halal, Karim Meats",(not on file),"Whole / do not cut, Sliced, Other (please specify below)",10.0,Wholesale Beef Liver | Bulk Halal Beef Supplier - WeDoHalal.com,"Order wholesale beef liver in bulk, fresh available. Competitive per-kg pricing for restaurants, grocers, and mosques. Edmonton pickup or delivery.","Discover the rich, nutrient-dense [Fresh] Beef Liver, a halal-certified delicacy. Packed with iron, vitamins A and B12, it's perfect for traditional dishes, offering robust flavor and health benefits for discerning palates.",https://images.wedohalal.com/products/Beef-Liver-1020.webp,136.0
141,Chicken Sausage,Meat,Chicken,1,None (single variant / consistent attributes),"Condition: Fresh
Skin: Skinless
Bone: Boneless
Fat: Medium
Supplier: Westgate Halal",(not on file),"Whole / do not cut, Cut to small pieces, Cut to large pieces, Trim excess fat, Other (please specify below)",10.0,Wholesale Chicken Sausage | Bulk Halal Chicken Supplier - WeDoHalal.com,"Order wholesale chicken sausage in bulk, fresh available. Competitive per-kg pricing for restaurants, grocers, and mosques. Edmonton pickup or delivery.","Lean and healthy, these sausages offer a flavorful addition to any dish, grilled or cooked.",https://images.wedohalal.com/products/Chicken-Sausage-175.webp,87.0
143,Chicken Shawarma,Meat,Chicken,1,None (single variant / consistent attributes),"Condition: Fresh
Skin: Skinless
Bone: Boneless
Fat: Medium
Supplier: Westgate Halal",(not on file),"Whole / do not cut, Cut to small pieces, Cut to large pieces, Trim excess fat, Other (please specify below)",10.0,Wholesale Chicken Shawarma | Bulk Halal Chicken Supplier - WeDoHalal.com,"Order wholesale chicken shawarma in bulk, fresh available. Competitive per-kg pricing for restaurants, grocers, and mosques. Edmonton pickup or delivery.","Seasoned for a rich and authentic taste, perfect for creating traditional shawarma dishes at home.",https://images.wedohalal.com/products/Chicken-Shawarma-201.webp,133.0
145,Beef Pho,Meat,Beef,1,None (single variant / consistent attributes),"Condition: Fresh
Skin: Skinless
Bone: With Bone
Fat: Medium
Supplier: Westgate Halal",(not on file),"Whole / do not cut, Cut to small pieces, Cut to large pieces, Debone (remove bone), Trim excess fat, Other (please specify below)",10.0,Wholesale Beef Pho | Bulk Halal Beef Supplier - WeDoHalal.com,"Order wholesale beef pho in bulk, fresh available. Competitive per-kg pricing for restaurants, grocers, and mosques. Edmonton pickup or delivery.","A key ingredient for authentic Pho, providing a rich base that infuses the broth with deep, savory flavors.",https://images.wedohalal.com/products/Beef-Pho-259.webp,194.0
149,Chicken Drumsticks,Meat,Chicken,2,Fat,"Condition: Fresh
Skin: With Skin
Bone: With Bone
Fat: High, Medium
Supplier: Westgate Halal",(not on file),"Whole / do not cut, Cut to small pieces, Cut to large pieces, Remove skin, Debone (remove bone), Trim excess fat, Other (please specify below)",10.0,Wholesale Chicken Drumsticks | Bulk Halal Chicken Supplier - WeDoHalal.com,"Order wholesale chicken drumsticks in bulk, fresh available. Competitive per-kg pricing for restaurants, grocers, and mosques. Edmonton pickup or delivery.","Tender and juicy, perfect for frying or grilling, adding a traditional touch to your favorite poultry dishes.",https://images.wedohalal.com/products/Drumstick-Legs-241.webp,137.0
157,Beef Sausage,Meat,Beef,3,None (single variant / consistent attributes),"Condition: Fresh
Skin: Skinless
Bone: Boneless
Fat: Medium
Supplier: Westgate Halal",(not on file),"Whole / do not cut, Cut to small pieces, Cut to large pieces, Trim excess fat, Other (please specify below)",10.0,Wholesale Beef Sausage | Bulk Halal Beef Supplier - WeDoHalal.com,"Order wholesale beef sausage in bulk, fresh available. Competitive per-kg pricing for restaurants, grocers, and mosques. Edmonton pickup or delivery.","Spicy and flavorful, these sausages are a perfect addition to traditional and modern dishes alike.",https://images.wedohalal.com/products/Tunisian-Merguez-Sausage-331.webp,209.0
160,Beef Shawarma,Meat,Beef,1,None (single variant / consistent attributes),"Condition: Fresh
Skin: Skinless
Bone: Boneless
Fat: Medium
Supplier: Westgate Halal",(not on file),"Whole / do not cut, Cut to small pieces, Cut to large pieces, Trim excess fat, Other (please specify below)",10.0,Wholesale Beef Shawarma | Bulk Halal Beef Supplier - WeDoHalal.com,"Order wholesale beef shawarma in bulk, fresh available. Competitive per-kg pricing for restaurants, grocers, and mosques. Edmonton pickup or delivery.","Thinly sliced halal beef marinated in Middle Eastern spicesâ€”perfect for grilling or pan-frying. A go-to for wraps, rice bowls, and authentic Arab-style shawarma platters.",https://images.wedohalal.com/products/Beef-Shawarma-1032.webp,223.0
163,Beef Skirt Steak,Meat,Beef,1,None (single variant / consistent attributes),"Condition: Fresh
Skin: Skinless
Bone: Boneless
Fat: Medium
Supplier: Westgate Halal",(not on file),"Whole / do not cut, Cut to small pieces, Cut to large pieces, Trim excess fat, Other (please specify below)",5.0,Wholesale Beef Skirt Steak | Bulk Halal Beef Supplier - WeDoHalal.com,"Order wholesale beef skirt steak in bulk, fresh available. Competitive per-kg pricing for restaurants, grocers, and mosques. Edmonton pickup or delivery.","Lean and flavorful, ideal for grilling or as a rich base for traditional skewers and steaks.",https://images.wedohalal.com/products/Beef-Skirt-Steak-151.webp,110.0
165,Lamb Ribs,Meat,Lamb,3,"Condition, Supplier name","Condition: Fresh, Frozen
Skin: Skinless
Bone: With Bone
Fat: High
Supplier: Westgate Halal, Karim Meats",(not on file),"Whole / do not cut, Cut to small pieces, Cut to large pieces, Full rack, Half rack, Debone (remove bone), Trim excess fat, Other (please specify below)",5.0,Wholesale Lamb Ribs | Bulk Halal Lamb Supplier - WeDoHalal.com,"Order wholesale lamb ribs in bulk, fresh/frozen available. Competitive per-kg pricing for restaurants, grocers, and mosques. Edmonton pickup or delivery.","Ideal for BBQ and slow-cooked dishes, lamb ribs offer a flavorful, meaty option that's popular in both Middle Eastern and South Asian barbecue cuisines, such as in rib curries or grilled ribs.",https://images.wedohalal.com/products/Lamb-Ribs-427.webp,168.0
169,Beef Stir Fry,Meat,Beef,1,None (single variant / consistent attributes),"Condition: Fresh
Skin: Skinless
Bone: Boneless
Fat: Medium
Supplier: Westgate Halal",(not on file),"Whole / do not cut, Cut to small pieces, Cut to large pieces, Trim excess fat, Other (please specify below)",10.0,Wholesale Beef Stir Fry | Bulk Halal Beef Supplier - WeDoHalal.com,"Order wholesale beef stir fry in bulk, fresh available. Competitive per-kg pricing for restaurants, grocers, and mosques. Edmonton pickup or delivery.","Lean and versatile, excellent for quick stir-fry dishes, offering a tender bite in every flavorful dish.",https://images.wedohalal.com/products/Beef-Stir-Fry-221.webp,170.0
173,Beef Sirloin (Flat Iron),Meat,Beef,3,None (single variant / consistent attributes),"Condition: Fresh
Skin: Skinless
Bone: Boneless
Fat: Medium
Supplier: Westgate Halal",(not on file),"Whole / do not cut, Cut to small pieces, Cut to large pieces, Trim excess fat, Other (please specify below)",5.0,Wholesale Beef Sirloin | Bulk Halal Beef Supplier - WeDoHalal.com,"Order wholesale beef sirloin in bulk, fresh available. Competitive per-kg pricing for restaurants, grocers, and mosques. Edmonton pickup or delivery.","A gourmet option for stuffed dishes and rolls, blending rich flavors for a memorable culinary experience.",https://images.wedohalal.com/products/Boftak-(Rouladen)-333.webp,213.0
176,Beef Burger,Meat,Beef,3,Condition,"Condition: Fresh, Frozen
Skin: Skinless
Bone: Boneless
Fat: Medium
Supplier: Westgate Halal",(not on file),"Whole / do not cut, Cut to small pieces, Cut to large pieces, Trim excess fat, Other (please specify below)",10.0,Wholesale Beef Burger | Bulk Halal Beef Supplier - WeDoHalal.com,"Order wholesale beef burger in bulk, fresh/frozen available. Competitive per-kg pricing for restaurants, grocers, and mosques. Edmonton pickup or delivery.","A delicious mix for burgers, providing a flavorful blend of lamb and beef, perfect for barbecues and family meals.",https://images.wedohalal.com/products/Lamb-&-Beef-Burger-334.webp,215.0
187,Chicken Skinless,Meat,Chicken,1,None (single variant / consistent attributes),"Condition: Fresh
Skin: Skinless
Bone: Boneless
Fat: Low
Supplier: Westgate Halal",(not on file),"Whole / do not cut, Cut to small pieces, Cut to large pieces, Other (please specify below)",10.0,Wholesale Chicken Skinless | Bulk Halal Chicken Supplier - WeDoHalal.com,"Order wholesale chicken skinless in bulk, fresh available. Competitive per-kg pricing for restaurants, grocers, and mosques. Edmonton pickup or delivery.","Versatile and flavorful, ideal for a variety of dishes, providing a tender and juicy culinary experience.",https://images.wedohalal.com/products/Skinless-Cut-Chicken-253.webp,154.0
192,Beef Meatballs,Meat,Beef,1,None (single variant / consistent attributes),"Condition: Fresh
Skin: Skinless
Bone: Boneless
Fat: Medium
Supplier: Westgate Halal",(not on file),"Whole / do not cut, Cut to small pieces, Cut to large pieces, Trim excess fat, Other (please specify below)",10.0,Wholesale Beef Meatballs | Bulk Halal Beef Supplier - WeDoHalal.com,"Order wholesale beef meatballs in bulk, fresh available. Competitive per-kg pricing for restaurants, grocers, and mosques. Edmonton pickup or delivery.","Blended with traditional seasonings for succulent meatballs, versatile in curries and sandwiches.",https://images.wedohalal.com/products/Kafta-Meatballs-327.webp,201.0
197,Chicken Burger,Meat,Chicken,1,None (single variant / consistent attributes),"Condition: Frozen
Skin: Skinless
Bone: Boneless
Fat: Medium
Supplier: Westgate Halal",(not on file),"Whole / do not cut, Cut to small pieces, Cut to large pieces, Trim excess fat, Other (please specify below)",10.0,Wholesale Chicken Burger | Bulk Halal Chicken Supplier - WeDoHalal.com,"Order wholesale chicken burger in bulk, frozen available. Competitive per-kg pricing for restaurants, grocers, and mosques. Edmonton pickup or delivery.","Tender and juicy, perfect for crafting flavorful chicken burgers, making it a hit at any gathering.",https://images.wedohalal.com/products/Chicken-Burger-265.webp,160.0
199,Goat Stew,Meat,Goat,2,None (single variant / consistent attributes),"Condition: Frozen
Skin: Skinless
Bone: With Bone
Fat: Medium
Supplier: Westgate Halal",(not on file),"Whole / do not cut, Cut to small pieces, Cut to large pieces, Debone (remove bone), Trim excess fat, Other (please specify below)",5.0,Wholesale Goat Stew | Bulk Halal Goat Supplier - WeDoHalal.com,"Order wholesale goat stew in bulk, frozen available. Competitive per-kg pricing for restaurants, grocers, and mosques. Edmonton pickup or delivery.","Rich and hearty, this cut is perfect for stews and curries, offering a robust flavor that enriches every dish.",https://images.wedohalal.com/products/Frozen-Goat-Stew-281.webp,82.0
201,Beef Flank,Meat,Beef,1,None (single variant / consistent attributes),"Condition: Frozen
Skin: Skinless
Bone: Boneless
Fat: Medium
Supplier: Westgate Halal",(not on file),"Whole / do not cut, Cut to small pieces, Cut to large pieces, Trim excess fat, Other (please specify below)",10.0,Wholesale Beef Flank | Bulk Halal Beef Supplier - WeDoHalal.com,"Order wholesale beef flank in bulk, frozen available. Competitive per-kg pricing for restaurants, grocers, and mosques. Edmonton pickup or delivery.","Ideal for flavorful and tender steak dishes, its versatility makes it perfect for grilling and traditional recipes.",https://images.wedohalal.com/products/Beef-Flank-269.webp,184.0
203,Lamb Burger,Meat,Lamb,1,None (single variant / consistent attributes),"Condition: Frozen
Skin: Skinless
Bone: Boneless
Fat: Medium
Supplier: Westgate Halal",(not on file),"Whole / do not cut, Cut to small pieces, Cut to large pieces, Trim excess fat, Other (please specify below)",5.0,Wholesale Lamb Burger | Bulk Halal Lamb Supplier - WeDoHalal.com,"Order wholesale lamb burger in bulk, frozen available. Competitive per-kg pricing for restaurants, grocers, and mosques. Edmonton pickup or delivery.","A delicious mix for burgers, providing a flavorful blend of lamb and beef, perfect for barbecues and family meals.",https://images.wedohalal.com/products/Lamb-&-Beef-Burger-271.webp,119.0
206,Beef Spleen,Meat,Beef,1,None (single variant / consistent attributes),"Condition: Frozen
Skin: Skinless
Bone: Boneless
Fat: Low
Supplier: Westgate Halal",(not on file),"Whole / do not cut, Cut to small pieces, Cut to large pieces, Other (please specify below)",10.0,Wholesale Beef Spleen | Bulk Halal Beef Supplier - WeDoHalal.com,"Order wholesale beef spleen in bulk, frozen available. Competitive per-kg pricing for restaurants, grocers, and mosques. Edmonton pickup or delivery.","Nutrient-rich and flavorful, ideal for traditional dishes, enriching meals with its unique taste.",https://images.wedohalal.com/products/Beef-Spleen-275.webp,187.0
208,Beef Soup,Meat,Beef,1,None (single variant / consistent attributes),"Condition: Frozen
Skin: Skinless
Bone: With Bone
Fat: Medium
Supplier: Westgate Halal",(not on file),"Whole / do not cut, Cut to small pieces, Cut to large pieces, Debone (remove bone), Trim excess fat, Other (please specify below)",10.0,Wholesale Beef Soup | Bulk Halal Beef Supplier - WeDoHalal.com,"Order wholesale beef soup in bulk, frozen available. Competitive per-kg pricing for restaurants, grocers, and mosques. Edmonton pickup or delivery.","A hearty base for soups and broths, offering a rich beef flavor that's both comforting and satisfying.",https://images.wedohalal.com/products/Beef-Soup-Number-5-277.webp,190.0
210,Lamb Intestine,Meat,Lamb,2,Supplier name,"Condition: Frozen
Skin: Skinless
Bone: Boneless
Fat: Medium
Supplier: Westgate Halal, Karim Meats",(not on file),"Whole / do not cut, Cut to small pieces, Cut to large pieces, Trim excess fat, Other (please specify below)",5.0,Wholesale Lamb Intestine | Bulk Halal Lamb Supplier - WeDoHalal.com,"Order wholesale lamb intestine in bulk, frozen available. Competitive per-kg pricing for restaurants, grocers, and mosques. Edmonton pickup or delivery.","lamb intestine, offered halal-certified, is essential in traditional cooking across various cuisines, known for its high vitamin and mineral content.",https://images.wedohalal.com/products/Lamb-Intestine-430.webp,177.0
213,Lamb Feet (Trotters),Meat,Lamb,3,"Skin type, Supplier name","Condition: Frozen
Skin: With Skin, Skinless
Bone: With Bone
Fat: Low
Supplier: Westgate Halal, Karim Meats",(not on file),"Whole / do not cut, Cut to small pieces, Cut to large pieces, Remove skin, Debone (remove bone), Other (please specify below)",5.0,Wholesale Lamb Feet | Bulk Halal Lamb Supplier - WeDoHalal.com,"Order wholesale lamb feet in bulk, frozen available. Competitive per-kg pricing for restaurants, grocers, and mosques. Edmonton pickup or delivery.","Experience the unique flavor and texture of our halal burnt skin lamb feet, popular in traditional cooking for their collagen-rich benefits.",https://images.wedohalal.com/products/Lamb-Feet-(Washed)-434.webp,189.0
250,Beef Tenderloin,Meat,Beef,3,Fat,"Condition: Fresh
Skin: Skinless
Bone: Boneless
Fat: Medium, Low
Supplier: Westgate Halal",(not on file),"Whole / do not cut, Cut to small pieces, Cut to large pieces, Trim excess fat, Other (please specify below)",5.0,Wholesale Beef Tenderloin | Bulk Halal Beef Supplier - WeDoHalal.com,"Order wholesale beef tenderloin in bulk, fresh available. Competitive per-kg pricing for restaurants, grocers, and mosques. Edmonton pickup or delivery.","Exceptionally lean and buttery soft, halal beef tenderloin steak is a premium choice for elegant meals, popular in fusion dishes from Persian to Levantine kitchens.",https://images.wedohalal.com/products/Tenderloin-1029.webp,220.0
251,Beef Sujuk,Meat,Beef,1,None (single variant / consistent attributes),"Condition: Fresh
Skin: Skinless
Bone: Boneless
Fat: Medium
Supplier: Westgate Halal",(not on file),"Whole / do not cut, Cut to small pieces, Cut to large pieces, Trim excess fat, Other (please specify below)",10.0,Wholesale Beef Sujuk | Bulk Halal Beef Supplier - WeDoHalal.com,"Order wholesale beef sujuk in bulk, fresh available. Competitive per-kg pricing for restaurants, grocers, and mosques. Edmonton pickup or delivery.","A traditional delicacy, perfect for gourmet dishes, offering a rich flavor profile.",https://images.wedohalal.com/products/Skandarni-Sujuk-330.webp,207.0
252,Beef Shoulder,Meat,Beef,1,None (single variant / consistent attributes),"Condition: Frozen
Skin: Skinless
Bone: With Bone
Fat: Medium
Supplier: Westgate Halal",(not on file),"Whole / do not cut, Cut to small pieces, Cut to large pieces, Debone (remove bone), Trim excess fat, Other (please specify below)",10.0,Wholesale Beef Shoulder | Bulk Halal Beef Supplier - WeDoHalal.com,"Order wholesale beef shoulder in bulk, frozen available. Competitive per-kg pricing for restaurants, grocers, and mosques. Edmonton pickup or delivery.","Suited for slow-cooking, offering a rich flavor and tender meat, perfect for stews and traditional dishes.",https://images.wedohalal.com/products/Frozen-Square-Cut-Shoulders-335.webp,217.0
333,Lamb Shoulder Chops,Meat,Lamb,2,"Condition, Supplier name","Condition: Fresh, Frozen
Skin: Skinless
Bone: With Bone
Fat: Medium
Supplier: Westgate Halal, Karim Meats",(not on file),"Whole / do not cut, Cut to small pieces, Cut to large pieces, Debone (remove bone), Trim excess fat, Other (please specify below)",5.0,Wholesale Lamb Shldr Chops | Bulk Halal Lamb Supplier - WeDoHalal.com,"Order wholesale lamb shldr chops in bulk, fresh/frozen available. Competitive per-kg pricing for restaurants, grocers, and mosques. Edmonton pickup or delivery.","Great for grilled chops or stews, providing a tender and rich flavor ideal for special dinners.",https://images.wedohalal.com/products/Lamb-Shoulder-Chops-143.webp,81.0
334,Lamb Spleen,Meat,Lamb,1,None (single variant / consistent attributes),"Condition: Fresh
Skin: Skinless
Bone: Boneless
Fat: Low
Supplier: Westgate Halal",(not on file),"Whole / do not cut, Cut to small pieces, Cut to large pieces, Other (please specify below)",5.0,Wholesale Lamb Spleen | Bulk Halal Lamb Supplier - WeDoHalal.com,"Order wholesale lamb spleen in bulk, fresh available. Competitive per-kg pricing for restaurants, grocers, and mosques. Edmonton pickup or delivery.","Rich in iron and flavor, halal lamb spleen is a traditional delicacy used in spicy stews and offal dishes across Arab, Pakistani, and Somali kitchens.",https://images.wedohalal.com/products/Lamb-Spleen-1024.webp,210.0
335,Lamb Stew,Meat,Lamb,1,None (single variant / consistent attributes),"Condition: Fresh
Skin: Skinless
Bone: With Bone
Fat: Medium
Supplier: Westgate Halal",(not on file),"Whole / do not cut, Cut to small pieces, Cut to large pieces, Debone (remove bone), Trim excess fat, Other (please specify below)",5.0,Wholesale Lamb Stew | Bulk Halal Lamb Supplier - WeDoHalal.com,"Order wholesale lamb stew in bulk, fresh available. Competitive per-kg pricing for restaurants, grocers, and mosques. Edmonton pickup or delivery.","Rich and hearty, ideal for traditional stews and slow-cooked dishes, adding depth and flavor to every meal.",https://images.wedohalal.com/products/Lamb-Stew-233.webp,111.0
336,Lamb Stomach (Tripe),Meat,Lamb,2,"Condition, Supplier name","Condition: Fresh, Frozen
Skin: Skinless
Bone: Boneless
Fat: Low
Supplier: Westgate Halal, Karim Meats",(not on file),"Whole / do not cut, Cut to small pieces, Cut to large pieces, Other (please specify below)",5.0,Wholesale Lamb Stomach | Bulk Halal Lamb Supplier - WeDoHalal.com,"Order wholesale lamb stomach in bulk, fresh/frozen available. Competitive per-kg pricing for restaurants, grocers, and mosques. Edmonton pickup or delivery.","Sourced carefully to ensure halal standards, our lamb stomach is versatile for use in various traditional recipes, providing a rich source of nutrients.",https://images.wedohalal.com/products/Lamb-Stomach-429.webp,174.0
337,Lamb Sweat Bread,Meat,Lamb,1,None (single variant / consistent attributes),"Condition: Fresh
Skin: Skinless
Bone: Boneless
Fat: Medium
Supplier: Westgate Halal",(not on file),"Whole / do not cut, Cut to small pieces, Cut to large pieces, Trim excess fat, Other (please specify below)",5.0,Wholesale Lamb Sweat Bread | Bulk Halal Lamb Supplier - WeDoHalal.com,"Order wholesale lamb sweat bread in bulk, fresh available. Competitive per-kg pricing for restaurants, grocers, and mosques. Edmonton pickup or delivery.","A gourmet offal cut, halal lamb sweetbread is prized for its creamy texture and subtle flavor, perfect for pan-searing, grilling, or inclusion in festive Arab and Indo-Pak meals.",https://images.wedohalal.com/products/Lamb-Sweat-Bread-1025.webp,212.0
338,Lamb Testicle,Meat,Lamb,2,Supplier name,"Condition: Fresh
Skin: Skinless
Bone: Boneless
Fat: Low
Supplier: Westgate Halal, Karim Meats",(not on file),"Whole / do not cut, Cut to small pieces, Cut to large pieces, Other (please specify below)",5.0,Wholesale Lamb Testicle | Bulk Halal Lamb Supplier - WeDoHalal.com,"Order wholesale lamb testicle in bulk, fresh available. Competitive per-kg pricing for restaurants, grocers, and mosques. Edmonton pickup or delivery.","A niche but culturally significant offering, lamb testicles are used in various traditional dishes across the Middle Eastern and South Asian regions, prized for their texture and considered a delicacy.",https://images.wedohalal.com/products/Lamb-Testicles-423.webp,156.0
339,Lamb Tongue,Meat,Lamb,1,None (single variant / consistent attributes),"Condition: Fresh
Skin: Skinless
Bone: Boneless
Fat: Medium
Supplier: Westgate Halal",(not on file),"Whole / do not cut, Sliced, Other (please specify below)",5.0,Wholesale Lamb Tongue | Bulk Halal Lamb Supplier - WeDoHalal.com,"Order wholesale lamb tongue in bulk, fresh available. Competitive per-kg pricing for restaurants, grocers, and mosques. Edmonton pickup or delivery.","Halal lamb tongue offers tender texture and deep flavor, ideal for slow-cooked dishes like stews and biryani, favored in Middle Eastern, Indo-Pak, and North African cuisines.",https://images.wedohalal.com/products/Lamb-Tounge-1023.webp,208.0
340,Lamb RibChopLoin,Meat,Lamb,1,None (single variant / consistent attributes),"Condition: Frozen
Skin: Skinless
Bone: With Bone
Fat: High
Supplier: Karim Meats",(not on file),"Whole / do not cut, Cut to small pieces, Cut to large pieces, Full rack, Half rack, Debone (remove bone), Trim excess fat, Other (please specify below)",5.0,Wholesale Lamb RibChopLoin | Bulk Halal Lamb Supplier - WeDoHalal.com,"Order wholesale lamb ribchoploin in bulk, frozen available. Competitive per-kg pricing for restaurants, grocers, and mosques. Edmonton pickup or delivery.","Explore the versatility of our lamb meat with a combination of ribs, chops, and loin, all halal-certified. Perfect for grilling or slow-cooked dishes. They are nutrient-rich, providing essential vitamins.","https://images.wedohalal.com/products/Lamb-Ribs,-Chops-&-Loin-428.webp",171.0
341,Lamb Mixed,Meat,Lamb,1,None (single variant / consistent attributes),"Condition: Frozen
Skin: Skinless
Bone: With Bone
Fat: Medium
Supplier: Karim Meats",(not on file),"Whole / do not cut, Cut to small pieces, Cut to large pieces, Debone (remove bone), Trim excess fat, Other (please specify below)",5.0,Wholesale Lamb Mixed | Bulk Halal Lamb Supplier - WeDoHalal.com,"Order wholesale lamb mixed in bulk, frozen available. Competitive per-kg pricing for restaurants, grocers, and mosques. Edmonton pickup or delivery.","Our mixed lamb meat plate includes various cuts, each halal-certified, providing a taste of traditional cooking. Ideal for diverse recipes, rich in proteins and minerals.",https://images.wedohalal.com/products/Lamb-Mixed-Plate-(Edmonton)-431.webp,180.0
342,Goat Shoulder,Meat,Goat,1,None (single variant / consistent attributes),"Condition: Frozen
Skin: Skinless
Bone: With Bone
Fat: Medium
Origin: New Zealand
Supplier: Karim Meats",New Zealand,"Whole / do not cut, Cut to small pieces, Cut to large pieces, Debone (remove bone), Trim excess fat, Other (please specify below)",10.0,Wholesale Goat Shoulder | Bulk Halal Goat Supplier - WeDoHalal.com,"Order wholesale goat shoulder in bulk, frozen available. Competitive per-kg pricing for restaurants, grocers, and mosques. Edmonton pickup or delivery.","This halal-certified New Zealand goat shoulder is rich in flavor and perfect for slow-cooked dishes like roasts and stews, offering nutritional benefits like high-quality protein.",https://images.wedohalal.com/products/Goat-Shoulder-New-Zealand-435.webp,86.0
343,Goat Brain,Meat,Goat,1,None (single variant / consistent attributes),"Condition: Frozen
Skin: Skinless
Bone: Boneless
Fat: High
Supplier: Karim Meats",(not on file),"Whole / do not cut, Sliced, Other (please specify below)",5.0,Wholesale Goat Brain | Bulk Halal Goat Supplier - WeDoHalal.com,"Order wholesale goat brain in bulk, frozen available. Competitive per-kg pricing for restaurants, grocers, and mosques. Edmonton pickup or delivery.","Try our unique blend of lamb and goat brain, halal-certified, known for its delicate texture and rich nutrients, popular in various traditional dishes.",https://images.wedohalal.com/products/Goat/Lamb-Brain-Mixed-(40-pieces)-437.webp,94.0
344,Goat Fat,Meat,Goat,1,None (single variant / consistent attributes),"Condition: Frozen
Skin: Skinless
Bone: Boneless
Fat: High
Supplier: Karim Meats",(not on file),"Whole / do not cut, Cut to small pieces, Cut to large pieces, Trim excess fat, Other (please specify below)",5.0,Wholesale Goat Fat | Bulk Halal Goat Supplier - WeDoHalal.com,"Order wholesale goat fat in bulk, frozen available. Competitive per-kg pricing for restaurants, grocers, and mosques. Edmonton pickup or delivery.","Halal-certified goat fat, perfect for adding richness and flavor to your cooking, while providing essential fats that are important for a balanced diet.",https://images.wedohalal.com/products/Goat-Fat-438.webp,98.0
345,Goat Shank,Meat,Goat,1,None (single variant / consistent attributes),"Condition: Frozen
Skin: Skinless
Bone: With Bone
Fat: Medium
Supplier: Karim Meats",(not on file),"Whole / do not cut, Cut to small pieces, Cut to large pieces, Frenched, Debone (remove bone), Trim excess fat, Other (please specify below)",5.0,Wholesale Goat Shank | Bulk Halal Goat Supplier - WeDoHalal.com,"Order wholesale goat shank in bulk, frozen available. Competitive per-kg pricing for restaurants, grocers, and mosques. Edmonton pickup or delivery.","Our goat shank is halal-certified and ideal for slow cooking, which brings out its full flavor and tenderness, making it a superb choice for fine dining.",https://images.wedohalal.com/products/Goat-Shank-440.webp,108.0
860,Ground Lamb,Meat,Lamb,2,Supplier name,"Condition: Fresh
Skin: Skinless
Bone: Boneless
Fat: Medium
Supplier: Westgate Halal, Karim Meats",(not on file),"Regular grind, Fine grind, Coarse grind, Other (please specify below)",5.0,Wholesale Lamb Ground | Bulk Halal Lamb Supplier - WeDoHalal.com,"Order wholesale lamb ground in bulk, fresh available. Competitive per-kg pricing for restaurants, grocers, and mosques. Edmonton pickup or delivery.","A rich blend of beef and lamb, offering a versatile option for meatballs, kabobs, and mixed meat dishes.",https://images.wedohalal.com/products/Mixed-Beef-And-Lamb-Ground-213.webp,103.0
861,Beef Striploin,Meat,Beef,1,None (single variant / consistent attributes),"Condition: Fresh
Skin: Skinless
Bone: Boneless
Fat: Medium
Supplier: Westgate Halal",(not on file),"Whole / do not cut, Cut to small pieces, Cut to large pieces, Trim excess fat, Other (please specify below)",10.0,Wholesale Beef Striploin | Bulk Halal Beef Supplier - WeDoHalal.com,"Order wholesale beef striploin in bulk, fresh available. Competitive per-kg pricing for restaurants, grocers, and mosques. Edmonton pickup or delivery.","A luxurious option for steak enthusiasts, providing a tender and flavorful experience with every cut.",https://images.wedohalal.com/products/Striploin-237.webp,185.0
862,Lamb Sujuk,Meat,Lamb,1,None (single variant / consistent attributes),"Condition: Fresh
Skin: Skinless
Bone: Boneless
Fat: Medium
Supplier: Westgate Halal",(not on file),"Whole / do not cut, Cut to small pieces, Cut to large pieces, Trim excess fat, Other (please specify below)",5.0,Wholesale Lamb Sujuk | Bulk Halal Lamb Supplier - WeDoHalal.com,"Order wholesale lamb sujuk in bulk, fresh available. Competitive per-kg pricing for restaurants, grocers, and mosques. Edmonton pickup or delivery.","A traditional delicacy, perfect for gourmet dishes, offering a rich flavor profile.",https://images.wedohalal.com/products/Skandarni-Sujuk-165.webp,93.0
863,Lamb Sausage,Meat,Lamb,1,None (single variant / consistent attributes),"Condition: Fresh
Skin: Skinless
Bone: Boneless
Fat: Medium
Supplier: Westgate Halal",(not on file),"Whole / do not cut, Cut to small pieces, Cut to large pieces, Trim excess fat, Other (please specify below)",5.0,Wholesale Lamb Sausage | Bulk Halal Lamb Supplier - WeDoHalal.com,"Order wholesale lamb sausage in bulk, fresh available. Competitive per-kg pricing for restaurants, grocers, and mosques. Edmonton pickup or delivery.","Spicy and flavorful, these sausages are a perfect addition to traditional and modern dishes alike.",https://images.wedohalal.com/products/Tunisian-Merguez-Sausage-167.webp,97.0
864,Beef Fat,Meat,Beef,1,None (single variant / consistent attributes),"Condition: Frozen
Skin: Skinless
Bone: Boneless
Fat: High
Supplier: Karim Meats",(not on file),"Whole / do not cut, Cut to small pieces, Cut to large pieces, Trim excess fat, Other (please specify below)",10.0,Wholesale Beef Fat | Bulk Halal Beef Supplier - WeDoHalal.com,"Order wholesale beef fat in bulk, frozen available. Competitive per-kg pricing for restaurants, grocers, and mosques. Edmonton pickup or delivery.","Halal-certified beef fat, perfect for adding richness and flavor to your cooking, while providing essential fats that are important for a balanced diet.",https://images.wedohalal.com/products/Beef-Fat-1033.webp,19.0

